insert into dbo.member (member_id,mrn,first_name,last_name,birth_date) values (1,'1','Bill','Smith',now());
insert into dbo.member (member_id,mrn,first_name,last_name,birth_date) values (2,'2','John','Smith',now());
insert into dbo.member (member_id,mrn,first_name,last_name,birth_date) values (3,'3','Betty','Smith',now());
insert into dbo.member (member_id,mrn,first_name,last_name,birth_date) values (4,'4','Mark','Smith',now());
insert into dbo.member (member_id,mrn,first_name,last_name,birth_date) values (5,'5','Steve','Smith',now());
insert into dbo.member (member_id,mrn,first_name,last_name,birth_date) values (6,'6','Jim','Smith',now());
insert into dbo.member (member_id,mrn,first_name,last_name,birth_date) values (7,'7','Sarah','Smith',now());
insert into dbo.member (member_id,mrn,first_name,last_name,birth_date) values (8,'8','Joan','Smith',now());
insert into dbo.member (member_id,mrn,first_name,last_name,birth_date) values (9,'9','Billy','Smith',now());

insert into dbo.member_contact (member_contact_id,member_id) values (1,1);
insert into dbo.member_contact (member_contact_id,member_id) values (2,1);
insert into dbo.member_contact (member_contact_id,member_id) values (3,2);
insert into dbo.member_contact (member_contact_id,member_id) values (4,2);
insert into dbo.member_contact (member_contact_id,member_id) values (5,3);
insert into dbo.member_contact (member_contact_id,member_id) values (6,3);
insert into dbo.member_contact (member_contact_id,member_id) values (7,4);
insert into dbo.member_contact (member_contact_id,member_id) values (8,4);
insert into dbo.member_contact (member_contact_id,member_id) values (9,5);
insert into dbo.member_contact (member_contact_id,member_id) values (10,5);
insert into dbo.member_contact (member_contact_id,member_id) values (11,6);
insert into dbo.member_contact (member_contact_id,member_id) values (12,6);
insert into dbo.member_contact (member_contact_id,member_id) values (13,7);
insert into dbo.member_contact (member_contact_id,member_id) values (14,7);
insert into dbo.member_contact (member_contact_id,member_id) values (15,8);
insert into dbo.member_contact (member_contact_id,member_id) values (16,8);
insert into dbo.member_contact (member_contact_id,member_id) values (17,9);
insert into dbo.member_contact (member_contact_id,member_id) values (18,9);

insert into dbo.member_emergency_contact (member_emergency_contact_id,member_id) values (1,1);
insert into dbo.member_emergency_contact (member_emergency_contact_id,member_id) values (2,1);
insert into dbo.member_emergency_contact (member_emergency_contact_id,member_id) values (3,2);
insert into dbo.member_emergency_contact (member_emergency_contact_id,member_id) values (4,2);
insert into dbo.member_emergency_contact (member_emergency_contact_id,member_id) values (5,3);
insert into dbo.member_emergency_contact (member_emergency_contact_id,member_id) values (6,3);
insert into dbo.member_emergency_contact (member_emergency_contact_id,member_id) values (7,4);
insert into dbo.member_emergency_contact (member_emergency_contact_id,member_id) values (8,4);
insert into dbo.member_emergency_contact (member_emergency_contact_id,member_id) values (9,5);
insert into dbo.member_emergency_contact (member_emergency_contact_id,member_id) values (10,5);
insert into dbo.member_emergency_contact (member_emergency_contact_id,member_id) values (11,6);
insert into dbo.member_emergency_contact (member_emergency_contact_id,member_id) values (12,6);
insert into dbo.member_emergency_contact (member_emergency_contact_id,member_id) values (13,7);
insert into dbo.member_emergency_contact (member_emergency_contact_id,member_id) values (14,7);
insert into dbo.member_emergency_contact (member_emergency_contact_id,member_id) values (15,8);
insert into dbo.member_emergency_contact (member_emergency_contact_id,member_id) values (16,8);
insert into dbo.member_emergency_contact (member_emergency_contact_id,member_id) values (17,9);
insert into dbo.member_emergency_contact (member_emergency_contact_id,member_id) values (18,9);

insert into dbo.member_phone (uid,member_id,mrn) values (1,1,'1');
insert into dbo.member_phone (uid,member_id,mrn) values (2,1,'1');
insert into dbo.member_phone (uid,member_id,mrn) values (3,2,'2');
insert into dbo.member_phone (uid,member_id,mrn) values (4,2,'2');
insert into dbo.member_phone (uid,member_id,mrn) values (5,3,'3');
insert into dbo.member_phone (uid,member_id,mrn) values (6,3,'3');
insert into dbo.member_phone (uid,member_id,mrn) values (7,4,'4');
insert into dbo.member_phone (uid,member_id,mrn) values (8,4,'4');
insert into dbo.member_phone (uid,member_id,mrn) values (9,5,'5');
insert into dbo.member_phone (uid,member_id,mrn) values (10,5,'5');
insert into dbo.member_phone (uid,member_id,mrn) values (11,6,'6');
insert into dbo.member_phone (uid,member_id,mrn) values (12,6,'6');
insert into dbo.member_phone (uid,member_id,mrn) values (13,7,'7');
insert into dbo.member_phone (uid,member_id,mrn) values (14,7,'7');
insert into dbo.member_phone (uid,member_id,mrn) values (15,8,'8');
insert into dbo.member_phone (uid,member_id,mrn) values (16,8,'8');
insert into dbo.member_phone (uid,member_id,mrn) values (17,9,'9');
insert into dbo.member_phone (uid,member_id,mrn) values (18,9,'9');
