<?xml version="1.0" encoding="UTF-8"?>
<cache xmlns="http://schema.pivotal.io/gemfire/cache" xmlns:gpdb="http://schema.pivotal.io/gemfire/gpdb"
       xmlns:xsi="http://www.w3.org/2001/XMLSchema-instance"
       xsi:schemaLocation="http://schema.pivotal.io/gemfire/cache http://schema.pivotal.io/gemfire/cache/cache-8.1.xsd
                        http://schema.pivotal.io/gemfire/gpdb http://schema.pivotal.io/gemfire/gpdb/gpdb-1.0.xsd"
       version="8.1">

    <pdx read-serialized="false">
        <pdx-serializer>
            <class-name>com.gemstone.gemfire.pdx.ReflectionBasedAutoSerializer</class-name>
            <parameter name="classes">
                <string>io.pivotal.gemfire.pubs.model.*</string>
            </parameter>
        </pdx-serializer>
    </pdx>

    <region name="Author" refid="REPLICATE"></region>
    <region name="Editor" refid="REPLICATE"></region>
    <region name="Publisher" refid="REPLICATE"></region>
    <region name="RoyaltySchedule" refid="REPLICATE"></region>
    <region name="Sale" refid="REPLICATE"></region>
    <region name="SalesDetail" refid="REPLICATE"></region>
    <region name="Title" refid="REPLICATE"></region>
    <region name="TitleAuthor" refid="REPLICATE"></region>
    <region name="TitleEditor" refid="REPLICATE"></region>

    <!--<function-service>
        <function>
            <class-name>io.pivotal.kaiser.gemfire.proto.server.func.Rem_InvalidAppointFunction</class-name>
        </function>
    </function-service>-->

</cache>